candidate,file,n_train,cv_qwk,public_score,sha256
text_lr,submission_full_text_lr.csv,6431,0.33338340225752516,,a6b2ea33839368c7ad60a84a2275641da420db108e461cee769f6d4b02b526c8
photo_mlp,submission_full_photo_mlp.csv,6431,0.48067295457921877,,8edc2a4af7ab477b70ef6a060f8365bc2e2b34a148823d8b61b1b33565325019
resnet_mlp,submission_full_resnet_mlp.csv,6431,0.49463886185289485,,9233837790379ec309f7b0f68c45730442a5c34f04c9557f2c586e46e0c04f5c
resnet_cb,submission_full_resnet_cb.csv,6431,0.49109955753076173,,558d60f64669e11b2323e5034485467c0e815411d61988dabc5a10e4efc8db12
dino_mlp,submission_full_dino_mlp.csv,6431,0.5358351024091879,,a93ee5364e6d1657d5953b05c56abf703440805ba79fcd2a91ae631555b71df1
dino_cb,submission_full_dino_cb.csv,6431,0.523999752216493,,e611401ad7e748c04234271dfef1d9a6ae4d85e7365dd774adefe31d0e3c6cf6
first_single,submission_full_first_single.csv,6431,0.5418966041655611,,4176e83706b122f9cdc835df99c9f6ea3f01756f5c1d93dd1dcd96a9be787dd0
first_rest,submission_full_first_rest.csv,6431,0.5476412095828271,,b1af74565c68c6af9d8f9936fae75a38bb42f749d7b3f22989fc41315ab8e481
resnet_sentence,submission_full_resnet_sentence.csv,6431,0.4891503787461028,,a127dbfb8d47632b252b5ba3ff49b483225832f8214aaeca5794fc92d18962dc
dino_sentence,submission_full_dino_sentence.csv,6431,0.5269684236437142,,9db12cffac7248804cf197ff2421a05f4997f4f384cfd39f26df69d05f25048a
resnet_blend,submission_full_resnet_blend.csv,6431,0.5061137767216577,,1c18695f9f69a614a242ba4191612f8e0506aa7ece99c31af29cb6856b3f05da
exp22_recipe,submission_full_exp22_recipe.csv,6431,0.5453436044611033,,3ce404c48c1243ca48a05f6f48c33c3893e79d37fca84c504194f4aae2f5e72b
blend22_27,submission_full_blend22_27.csv,6431,0.5499691318316107,,08886ffcf34eb221535e3b6794243c26d78b012c02841e11fdb9f83b64ef8a7a
