fold,model,direction,t1,t2,t3,search_success,search_nfev,calibration_qwk
1,text_lr,A_to_B,2.1592649454527613,2.5059431722229104,2.8956367858692014,True,2196,0.3376934234556954
1,text_lr,B_to_A,2.308997010675425,2.5189966805890043,2.798713811927038,True,1728,0.3188466426186548
1,photo_mlp,A_to_B,2.2254900023382915,2.5566498177839856,3.0730165171787713,True,1656,0.5184947983845705
1,photo_mlp,B_to_A,2.2696735926503337,2.64142331012491,2.912602521053995,True,2232,0.4494280098775387
1,resnet_mlp,A_to_B,2.055721057962011,2.519904789860165,3.0526018833577133,True,2520,0.5276764449667999
1,resnet_mlp,B_to_A,2.2679754574277102,2.7167908352767878,3.2281867280982786,True,1440,0.480279230775122
1,resnet_cb,A_to_B,2.0286808181122757,2.548119740947378,2.914367549141812,True,1656,0.5170921612604926
1,resnet_cb,B_to_A,2.187667155436043,2.6716160389961434,2.900939797063447,True,1332,0.4694647784543112
1,dino_mlp,A_to_B,2.109200170984991,2.7124830627264314,3.003300748314964,True,1620,0.5831726811277174
1,dino_mlp,B_to_A,2.1010520636366463,2.579297094436718,2.981118965256528,True,1332,0.5177933663858707
1,dino_cb,A_to_B,2.0980650129116833,2.763548111484952,3.1454891431568215,True,1944,0.5636224515541697
1,dino_cb,B_to_A,1.811460703090501,2.621705395809409,3.283603878380427,True,1584,0.5248812906424607
1,first_single,A_to_B,2.18517933433406,2.6742962623614357,3.048663978616622,True,1692,0.5661827875539529
1,first_single,B_to_A,2.208509249665365,2.645236890920419,3.0820663362742327,True,1836,0.5282650780718605
1,first_rest,A_to_B,2.159311972984416,2.711665444006355,3.0210360193358934,True,1512,0.568826812074675
1,first_rest,B_to_A,2.1687496233561867,2.5806444570774554,3.0064370006987193,True,2088,0.5394831536586082
1,resnet_sentence,A_to_B,2.1096927749269465,2.698214512464241,3.157219743578187,True,2484,0.528263065625042
1,resnet_sentence,B_to_A,2.19928271688739,2.6117710351789842,3.227491123187119,True,2556,0.4804321974822652
1,dino_sentence,A_to_B,2.1884787990103796,2.923182720523249,3.0339324772978227,True,2592,0.564536852432039
1,dino_sentence,B_to_A,1.908848446259082,2.67899411086172,3.26898222483917,True,1944,0.5260407210478537
1,resnet_blend,A_to_B,1.995132525892418,2.600219282162288,2.9305598693932766,True,2232,0.5363012168119121
1,resnet_blend,B_to_A,1.8441124859524094,2.6091680180776113,3.0195106762554236,True,3060,0.48026233992291434
1,exp22_recipe,A_to_B,1.8447268691512868,2.5758406728783285,3.0765248443123014,True,1260,0.5827029978605892
1,exp22_recipe,B_to_A,2.3076035820173373,2.6202086702735614,3.2710078396342115,True,1980,0.518124169678994
1,blend22_27,A_to_B,2.08737050847543,2.7326078409300076,3.1833246280224734,True,1872,0.5775361438842649
1,blend22_27,B_to_A,2.1904730452016827,2.7116453000920746,3.207969643650697,True,1836,0.5316451211639295
2,text_lr,A_to_B,2.0682002173107064,2.5627790216579927,2.7455349368826045,True,1548,0.3583687653996793
2,text_lr,B_to_A,2.148826608292037,2.4934379672599785,2.8194431286049206,True,1692,0.4021122655736794
2,photo_mlp,A_to_B,2.0551052936265943,2.6579142249376972,3.0634553794897523,True,2340,0.5490754897763643
2,photo_mlp,B_to_A,2.1695559878769117,2.430525600008742,3.051669450552609,True,2160,0.49775137284605186
2,resnet_mlp,A_to_B,2.0227034536832806,2.526454791734972,3.0667751725510803,True,2772,0.5746678837081551
2,resnet_mlp,B_to_A,2.2218386807759973,2.6364840238580385,3.1604281053250225,True,2016,0.5277372760639649
2,resnet_cb,A_to_B,2.2991154534031546,2.549352374088533,3.084768037329498,True,1260,0.5486184796103797
2,resnet_cb,B_to_A,2.1935109460155977,2.556135968921425,3.2037897937851962,True,2016,0.5326826953026504
2,dino_mlp,A_to_B,1.8912961465448717,2.5406424156833163,3.18388429851376,True,1620,0.5918087779322143
2,dino_mlp,B_to_A,2.1861399069179335,2.478045627232327,2.9535530365406437,True,1584,0.5770596888192592
2,dino_cb,A_to_B,1.881594007388573,2.4944421182356455,3.1825232747756944,True,1656,0.5728422854861321
2,dino_cb,B_to_A,2.085087745155838,2.572406198385122,3.0697594450588364,True,1656,0.567124509298198
2,first_single,A_to_B,2.16736374994388,2.5584540686383823,2.861664983841872,True,1980,0.5729266093382305
2,first_single,B_to_A,2.115853332036186,2.609488249801753,2.9745768825292505,True,1512,0.5650883870232417
2,first_rest,A_to_B,1.8658769501789034,2.552481904304808,3.075407048910055,True,2772,0.5944872864950475
2,first_rest,B_to_A,2.171023162233766,2.6033988424218446,3.073250376843939,True,1584,0.5687839279023068
2,resnet_sentence,A_to_B,2.095125376033676,2.547700606801174,2.9575388849895465,True,1836,0.553900602076331
2,resnet_sentence,B_to_A,2.1963720834286145,2.5453899904342605,2.9486453617008026,True,3960,0.5129251885821076
2,dino_sentence,A_to_B,1.9280789649636052,2.463975728371943,2.8769033683611256,True,1476,0.5941207059211482
2,dino_sentence,B_to_A,2.083107647465249,2.450728345876979,3.154730892129596,True,1692,0.5736675249085348
2,resnet_blend,A_to_B,2.157532836421673,2.559370230094485,3.0185844417543364,True,1116,0.5669071368067475
2,resnet_blend,B_to_A,2.1500824394896414,2.5764790041146526,3.16473226326152,True,1440,0.5396537844324969
2,exp22_recipe,A_to_B,2.03955576243289,2.609811608137484,3.155685584657281,True,1764,0.5992777626007376
2,exp22_recipe,B_to_A,2.1212688287189327,2.592882432523296,3.1689221129998026,True,2052,0.5793084713145308
2,blend22_27,A_to_B,1.9288730833915466,2.5608651549298003,3.2389417567029324,True,1872,0.6099063096767374
2,blend22_27,B_to_A,2.0856545237513524,2.581861508956689,3.105014173347583,True,1368,0.5757098080906209
3,text_lr,A_to_B,2.166816989641056,2.666696642754994,2.785087011627907,True,2376,0.41620812991318235
3,text_lr,B_to_A,2.166205935894948,2.4559230899490174,2.7177005681598545,True,1440,0.3689673566680841
3,photo_mlp,A_to_B,2.1077847974962234,2.510948719734829,2.9807069733034712,True,1800,0.5322192526268055
3,photo_mlp,B_to_A,1.8502076149611688,2.4934952069330314,2.960729845585014,True,2124,0.4692713180333906
3,resnet_mlp,A_to_B,1.9271888660103627,2.553440587367732,2.968273093589638,True,1656,0.5598545678606806
3,resnet_mlp,B_to_A,2.1063300612645603,2.468039658832092,2.9237368331836913,True,1908,0.506381285325233
3,resnet_cb,A_to_B,1.9741932779884528,2.8375755270424885,3.00398300841369,True,2484,0.5516519363033896
3,resnet_cb,B_to_A,2.013932507374922,2.4496194810622582,3.0466730280100545,True,1620,0.49671727306390057
3,dino_mlp,A_to_B,2.061791514670336,2.676458194897552,3.0517069270873867,True,1980,0.5628613685827738
3,dino_mlp,B_to_A,1.8954368630372977,2.4558881041600973,2.977584101479754,True,1944,0.5346044730484296
3,dino_cb,A_to_B,1.6855989514056609,2.588075567036662,3.090958886524544,True,1548,0.5653482937198842
3,dino_cb,B_to_A,2.0321568684321916,2.51624248227184,3.170949246635937,True,1188,0.5368977306749352
3,first_single,A_to_B,1.828157015732033,2.6228955990027605,3.1356679355387,True,2016,0.5581799974322763
3,first_single,B_to_A,1.9669695467036845,2.7042122387574468,3.000922338366822,True,2232,0.5547462453273109
3,first_rest,A_to_B,1.959903186985829,2.6177778329219654,2.984779226857293,True,2088,0.5732596680886376
3,first_rest,B_to_A,1.85998192318148,2.511347074612615,2.972535019284583,True,1800,0.5676146892277172
3,resnet_sentence,A_to_B,1.9688752173272916,2.690337039460391,3.0132254828223966,True,1512,0.5188168337304792
3,resnet_sentence,B_to_A,1.9681470662634906,2.670673359044665,3.18860578577348,True,1620,0.46542669872244846
3,dino_sentence,A_to_B,2.0715234932331605,2.6386278423148313,3.1596840169047407,True,1764,0.5536491002718991
3,dino_sentence,B_to_A,2.1133293911248536,2.350348717291622,3.228737036808806,True,1368,0.5321289021979924
3,resnet_blend,A_to_B,1.907184040959188,2.7457861283542377,3.0155274065778785,True,1404,0.5592880997375929
3,resnet_blend,B_to_A,2.037605985521906,2.6150238478474552,3.069884921395672,True,1872,0.5025432132537742
3,exp22_recipe,A_to_B,1.9574334344510156,2.8409411301289107,3.0387147847979126,True,1800,0.5878710126862974
3,exp22_recipe,B_to_A,2.0199541476848233,2.4992882260879994,3.0622581218885623,True,2160,0.5423439571901025
3,blend22_27,A_to_B,1.8971061317041287,2.7609481537746468,3.073051897390312,True,1980,0.5802032533945795
3,blend22_27,B_to_A,2.02241031609336,2.4710044797314206,2.8905516783888956,True,2916,0.5592149108212907
4,text_lr,A_to_B,2.2936199511885076,2.4942335740157677,2.7644738242654814,True,1944,0.4132218490273839
4,text_lr,B_to_A,2.1153706688092946,2.509927414065986,2.769857866136598,True,1584,0.36444668029432914
4,photo_mlp,A_to_B,1.9888328495046157,2.5126900402226187,2.725552910262422,True,2160,0.4792040064314612
4,photo_mlp,B_to_A,2.01287653305437,2.3744822911135754,3.0714411408701543,True,1944,0.49753183731952444
4,resnet_mlp,A_to_B,2.028782047091592,2.4336953153247447,2.8494545723396043,True,1656,0.5147420312298361
4,resnet_mlp,B_to_A,1.9036190262462183,2.5416821240112446,2.9541113551757108,True,2052,0.5047850574943578
4,resnet_cb,A_to_B,2.1941660182240565,2.6095404298700866,3.060149290450345,True,1980,0.5397712864726909
4,resnet_cb,B_to_A,2.320495842809457,2.521123204468058,2.9898917914180068,True,1908,0.5077060950283168
4,dino_mlp,A_to_B,2.072143542802135,2.2833895455936863,2.925764603273793,True,2556,0.5347068010140754
4,dino_mlp,B_to_A,1.9775862102530146,2.421979682393089,2.86706464847892,True,2160,0.5374254452757083
4,dino_cb,A_to_B,2.0494657970439754,2.530199588128307,3.1934697590778023,True,1908,0.5234972140771859
4,dino_cb,B_to_A,2.01564300963285,2.7304493820420723,3.120094542243418,True,2160,0.5463485856353028
4,first_single,A_to_B,2.034172688003769,2.3676116365728355,3.0578386633855765,True,2448,0.5336702016580752
4,first_single,B_to_A,2.0674112176588184,2.4623464179553642,2.9003502106790746,True,1872,0.5487971261319113
4,first_rest,A_to_B,2.04476268863689,2.359267699909948,2.9134495127859843,True,1296,0.5548673688817198
4,first_rest,B_to_A,2.0801685917736106,2.5714217875676697,2.978361984980161,True,1764,0.5460861682048539
4,resnet_sentence,A_to_B,2.1476041576016525,2.467521448428856,2.8502313474706917,True,2196,0.5026847951087581
4,resnet_sentence,B_to_A,2.1372763200920954,2.5518309486238477,3.0325231676994133,True,1764,0.46590493312664405
4,dino_sentence,A_to_B,2.111458171328047,2.4141284164414656,3.15807345043329,True,1620,0.5276025785326921
4,dino_sentence,B_to_A,1.9214225427946257,2.537923664733694,2.901804088237199,True,2088,0.525959677298349
4,resnet_blend,A_to_B,2.1288075101587105,2.621003687998832,2.9011877385310196,True,1476,0.5345251810524492
4,resnet_blend,B_to_A,1.9366788771712988,2.6376580561391494,2.976192502631208,True,1548,0.5310178167358686
4,exp22_recipe,A_to_B,2.153272939426842,2.445978085219624,2.866519870288158,True,1656,0.550567631476033
4,exp22_recipe,B_to_A,2.1497644704613537,2.6877807181230713,2.881283232522435,True,2016,0.5501768511540097
4,blend22_27,A_to_B,2.1479887450293296,2.4282531720786045,2.989256387452974,True,2052,0.5612551175530611
4,blend22_27,B_to_A,2.088138849150848,2.770497551417678,2.9047691181583213,True,2700,0.5580953017790606
5,text_lr,A_to_B,2.2905174077845327,2.446483325011921,2.8398127027748723,True,1584,0.3443273828636888
5,text_lr,B_to_A,2.23372069624578,2.4018312333818796,2.828063276529526,True,1476,0.3911065680769248
5,photo_mlp,A_to_B,2.0332554369006743,2.5594221721636012,3.0404975513904957,True,1548,0.5438590860647619
5,photo_mlp,B_to_A,2.1185780608553015,2.6084148805745384,2.958113887681023,True,1836,0.5131502635615472
5,resnet_mlp,A_to_B,2.089734885330165,2.542997289792169,2.952524406070784,True,1620,0.5524210053878617
5,resnet_mlp,B_to_A,2.1369372517433214,2.603769493705446,2.8478964192841287,True,1476,0.5328925758321568
5,resnet_cb,A_to_B,2.045738630409299,2.7962624129607487,2.8960279379780096,True,2160,0.5363017617469664
5,resnet_cb,B_to_A,1.8934059984128355,2.580005205591503,2.9676718227115897,True,1404,0.5205205768554344
5,dino_mlp,A_to_B,2.11958346583709,2.5382351939815937,3.044874861318862,True,2340,0.6153888324892973
5,dino_mlp,B_to_A,2.0793658803559123,2.6913908447760773,3.224918101125761,True,1512,0.578758045814167
5,dino_cb,A_to_B,2.2713702543639647,2.5275915789275913,3.0325756858179007,True,2232,0.6111333593079775
5,dino_cb,B_to_A,2.023163123424039,2.6367212000269413,3.1119603104115905,True,1512,0.5609215241092046
5,first_single,A_to_B,1.970184598712246,2.64119557545504,3.283617789810573,True,1980,0.6045588626125384
5,first_single,B_to_A,2.031497685642849,2.563140901438654,3.080251301181152,True,1836,0.5818748820070341
5,first_rest,A_to_B,2.009411160752892,2.627389456033634,3.2756017018978563,True,1980,0.611414484839526
5,first_rest,B_to_A,2.135139245258484,2.537851017411261,3.2633987430191755,True,1512,0.5926903041674321
5,resnet_sentence,A_to_B,2.044412033440459,2.3930109213676305,3.1534721642517045,True,1620,0.5360282100895739
5,resnet_sentence,B_to_A,2.0829315717091457,2.6100808096204684,2.9790838432180484,True,2016,0.5304747350161914
5,dino_sentence,A_to_B,2.1188983780055053,2.495916792495506,3.0821033452733557,True,1764,0.5853240494834469
5,dino_sentence,B_to_A,2.058236074721392,2.4962435170219694,3.241252076459614,True,1872,0.5832035911819763
5,resnet_blend,A_to_B,2.0856538930179367,2.600753710975334,2.9903656276266797,True,1548,0.5532176930470203
5,resnet_blend,B_to_A,2.37287268840434,2.6217388545379574,3.0956913866327387,True,3060,0.5343503502386828
5,exp22_recipe,A_to_B,2.1849961886535945,2.5369410316046097,2.9055086601252067,True,1944,0.6136705227352346
5,exp22_recipe,B_to_A,2.1367674963593117,2.63240759492904,2.997337660413802,True,2160,0.5937979966281444
5,blend22_27,A_to_B,2.178705445045211,2.4942433475832475,3.0247131553710704,True,1656,0.6237094269079368
5,blend22_27,B_to_A,2.165787401245585,2.572142709308777,2.8564409889333984,True,1728,0.6018187693968668
