model,fold,qwk,accuracy,raw_qwk
resnet_mlp,1,0.4958773313705255,0.4560994560994561,0.4535789774611787
resnet_mlp,2,0.5027892483054015,0.4510108864696734,0.4630712778687124
resnet_mlp,3,0.5137241816103129,0.4385692068429238,0.4636461322247668
resnet_mlp,4,0.4720074868286819,0.43779160186625193,0.4469842338296126
resnet_mlp,5,0.5008628303834131,0.4494556765163297,0.47668095402416233
resnet_mlp,ALL,0.49685346462299596,0.4465868449696781,0.4607309849695751
resnet_cb,1,0.4727052766371541,0.42035742035742035,0.3719569969206412
resnet_cb,2,0.49772690660241037,0.43468118195956457,0.39366850537702225
resnet_cb,3,0.5056771759797147,0.43468118195956457,0.3732311836935275
resnet_cb,4,0.46034502947757594,0.41368584758942456,0.3694178018521961
resnet_cb,5,0.516173148820331,0.4284603421461897,0.41342200878470337
resnet_cb,ALL,0.490454248272565,0.42637225936868295,0.3843242489319644
dino_mlp,1,0.5311077897256142,0.4592074592074592,0.48648379052369073
dino_mlp,2,0.553450532136689,0.4704510108864697,0.5292171493307536
dino_mlp,3,0.5325535119578084,0.4774494556765163,0.4764730187897863
dino_mlp,4,0.4895722410469947,0.4331259720062208,0.433213519111193
dino_mlp,5,0.5435534062260792,0.4665629860031104,0.5201853776693606
dino_mlp,ALL,0.5298588833883575,0.46135904213963613,0.4891939159641616
first_single,1,0.514967877113598,0.4421134421134421,0.5056072493667296
first_single,2,0.5447544813009496,0.4735614307931571,0.5183696472610687
first_single,3,0.5349521271152039,0.4642301710730949,0.47862140488393123
first_single,4,0.49383857582032264,0.4432348367029549,0.469850537508253
first_single,5,0.5570683341868967,0.4813374805598756,0.5303691997423604
first_single,ALL,0.5302397737397611,0.4608925517026901,0.500671061175527
first_rest,1,0.5123128393572094,0.4421134421134421,0.4919547102025136
first_rest,2,0.5501243795703938,0.47200622083981336,0.5421538890898656
first_rest,3,0.5299923900664937,0.468895800933126,0.4873704819818139
first_rest,4,0.5296541927428051,0.468895800933126,0.48018639040094935
first_rest,5,0.5616089678124054,0.4782270606531882,0.54746120811201
first_rest,ALL,0.5369479178934848,0.46602394650909656,0.5093508966589819
resnet_blend,1,0.4905035932178631,0.44133644133644134,
resnet_blend,2,0.5024119142261538,0.4331259720062208,
resnet_blend,3,0.5076712358018458,0.45412130637636083,
resnet_blend,4,0.4743750906888907,0.43623639191290825,
resnet_blend,5,0.5205098080731662,0.4307931570762053,
resnet_blend,ALL,0.4986923047782237,0.43912299797854143,
exp22_recipe,1,0.5249401091177011,0.4506604506604507,
exp22_recipe,2,0.5586950502733304,0.45645412130637636,
exp22_recipe,3,0.5516293166110214,0.46578538102643857,
exp22_recipe,4,0.5026258355101079,0.4727838258164852,
exp22_recipe,5,0.5578090850227791,0.45412130637636083,
exp22_recipe,ALL,0.5392544695816348,0.459959570828798,
blend22_27,1,0.5394278235795362,0.46153846153846156,
blend22_27,2,0.5725534357952393,0.468895800933126,
blend22_27,3,0.5502987186068313,0.4813374805598756,
blend22_27,4,0.5369907576052795,0.4735614307931571,
blend22_27,5,0.5644510835677212,0.46500777604976673,
blend22_27,ALL,0.5526699098194552,0.4700668636292956,
