fold,model,seed,n_train,epochs,train_loss
1,resnet_mlp,42.0,5144,2.0,1.1391302102461203
1,resnet_cb,,5144,,
1,dino_mlp,42.0,5144,2.0,1.1290252568376935
1,first_rest,42.0,5144,2.0,1.107024274384067
1,first_rest,123.0,5144,2.0,1.104627941667014
1,first_rest,2026.0,5144,2.0,1.1016554956673463
2,resnet_mlp,42.0,5145,2.0,1.1520630994969137
2,resnet_cb,,5145,,
2,dino_mlp,42.0,5145,2.0,1.1323009249072729
2,first_rest,42.0,5145,2.0,1.1235176975455994
2,first_rest,123.0,5145,2.0,1.1166634004711526
2,first_rest,2026.0,5145,2.0,1.1130026952865868
3,resnet_mlp,42.0,5145,2.0,1.139575514837419
3,resnet_cb,,5145,,
3,dino_mlp,42.0,5145,2.0,1.115219302242305
3,first_rest,42.0,5145,2.0,1.1011449990745188
3,first_rest,123.0,5145,2.0,1.1032504375057388
3,first_rest,2026.0,5145,2.0,1.102973188302028
4,resnet_mlp,42.0,5145,2.0,1.1373290711172122
4,resnet_cb,,5145,,
4,dino_mlp,42.0,5145,2.0,1.1244471513147605
4,first_rest,42.0,5145,2.0,1.1007672069603314
4,first_rest,123.0,5145,2.0,1.0972267919193783
4,first_rest,2026.0,5145,2.0,1.1065521275684367
5,resnet_mlp,42.0,5145,2.0,1.1487925972489041
5,resnet_cb,,5145,,
5,dino_mlp,42.0,5145,2.0,1.1332797705258295
5,first_rest,42.0,5145,2.0,1.117548512253979
5,first_rest,123.0,5145,2.0,1.1099830853348223
5,first_rest,2026.0,5145,2.0,1.1090990680763162
